CAAV Dataset,,,,,,,,,,,,,,,
Video_ID,Action_description,POV,Gender,V_M_Tot,V_SD_Tot,A_M_Tot,A_SD_Tot,V_M_Fem,V_SD_Fem,V_M_Mal,V_SD_Mal,A_M_Fem,A_SD_Fem,A_M_Mal,A_SD_Mal
1_F_001,Poisoning a person,1,F,2.33,1.98,5.81,2.67,2.06,1.91,2.60,2.04,5.35,2.48,6.26,2.81
1_M_001,Poisoning a person,1,M,2.60,1.99,6.00,2.70,2.54,2.02,2.65,2.00,6.65,2.54,5.33,2.73
3_F_001,Poisoning a person,3,F,2.26,1.60,6.71,2.25,1.97,1.33,2.62,1.83,6.61,2.36,6.82,2.18
3_M_001,Poisoning a person,3,M,2.08,1.42,6.22,2.50,1.81,1.29,2.37,1.54,7.13,1.98,5.29,2.67
1_F_002,Kicking something ,1,F,2.84,1.71,5.25,2.50,2.41,1.56,3.38,1.77,5.71,2.24,4.79,2.69
1_M_002,Kicking something ,1,M,2.45,2.53,7.14,2.28,2.24,2.51,2.68,2.60,7.72,1.97,6.55,2.45
3_F_002,Kicking something ,3,F,2.51,1.82,5.51,2.54,2.71,1.95,2.30,1.68,5.46,2.18,5.56,2.89
3_M_002,Kicking something ,3,M,1.81,1.43,6.13,2.84,1.96,1.43,1.65,1.44,6.84,2.54,5.40,2.98
1_F_003,Slapping someone ,1,F,3.29,1.85,5.39,2.45,2.85,1.59,3.73,2.01,6.29,2.36,4.47,2.22
1_M_003,Slapping someone ,1,M,1.74,1.10,7.11,2.16,1.47,0.95,2.08,1.20,6.96,2.47,7.25,1.84
3_F_003,Slapping someone ,3,F,3.58,2.35,5.05,2.41,3.43,2.34,3.74,2.42,5.63,2.54,4.45,2.16
3_M_003,Slapping someone ,3,M,2.59,2.32,6.81,2.34,2.29,2.44,2.90,2.19,6.58,2.47,7.04,2.23
1_F_004,Stealing from someone,1,F,2.64,1.90,5.79,2.67,2.34,1.99,3.00,1.74,6.07,2.72,5.50,2.65
1_M_004,Stealing from someone,1,M,2.03,1.48,5.67,2.29,1.71,1.06,2.37,1.80,6.72,2.05,4.58,2.03
3_F_004,Stealing from someone,3,F,2.75,1.96,6.94,2.05,2.65,2.18,2.87,1.74,6.69,2.02,7.19,2.09
3_M_004,Stealing from someone,3,M,3.50,2.17,5.66,2.83,3.46,2.25,3.54,2.14,6.55,2.49,4.73,2.90
1_F_005,Drawing a swastika,1,F,2.50,1.67,4.66,2.49,2.16,1.51,2.92,1.79,4.54,2.70,4.79,2.30
1_M_005,Drawing a swastika,1,M,3.10,2.72,5.06,2.64,2.38,2.29,3.89,2.98,5.47,2.59,4.65,2.67
3_F_005,Drawing a swastika,3,F,2.07,1.09,5.53,3.03,1.97,1.05,2.17,1.15,6.04,2.79,5.04,3.22
3_M_005,Drawing a swastika,3,M,2.33,1.79,5.10,3.01,2.73,2.07,1.92,1.38,6.03,2.88,4.13,2.87
1_F_006,Being threatened with a knife,1,F,2.05,1.63,6.96,2.30,1.56,1.01,2.65,2.02,7.11,2.10,6.82,2.52
1_M_006,Being threatened with a knife,1,M,2.73,2.16,6.32,2.40,2.90,2.64,2.53,1.50,7.31,2.07,5.29,2.30
3_F_006,Being threatened with a knife,3,F,1.79,1.50,7.04,2.33,1.55,1.46,2.03,1.52,6.73,2.57,7.33,2.08
3_M_006,Being threatened with a knife,3,M,2.54,1.99,6.13,2.90,2.65,2.10,2.42,1.92,7.10,2.52,5.13,2.97
1_F_007,Being kidnapped,1,F,2.55,2.14,6.65,2.40,2.29,2.10,2.84,2.19,7.16,2.33,6.13,2.40
1_M_007,Being kidnapped,1,M,2.41,1.89,5.92,2.34,2.13,1.73,2.70,2.04,5.73,2.46,6.11,2.24
3_F_007,Being kidnapped,3,F,1.85,1.54,6.41,2.79,2.00,1.74,1.69,1.32,7.39,2.42,5.40,2.82
3_M_007,Being kidnapped,3,M,2.38,1.68,6.09,2.55,2.16,1.42,2.65,1.96,6.39,2.64,5.79,2.45
1_F_008,Being scared,1,F,2.83,2.02,5.83,2.51,2.14,1.74,3.58,2.09,6.63,2.59,5.00,2.18
1_M_008,Being scared,1,M,3.31,2.14,5.89,2.33,3.10,2.24,3.53,2.05,5.69,2.13,6.07,2.54
3_F_008,Being scared,3,F,3.15,2.23,5.59,2.54,3.27,2.46,3.04,2.01,6.42,2.41,4.73,2.42
3_M_008,Being scared,3,M,2.93,1.80,5.86,2.50,2.50,1.63,3.46,1.88,6.11,2.38,5.61,2.63
1_F_009,Dropping the phone ,1,F,3.21,1.73,5.31,2.75,3.08,1.72,3.35,1.77,5.58,2.50,5.03,3.01
1_M_009,Dropping the phone ,1,M,3.17,1.58,5.89,2.39,3.03,1.28,3.35,1.90,6.11,2.39,5.68,2.42
3_F_009,Dropping the phone ,3,F,2.73,1.81,5.08,2.54,2.62,2.04,2.84,1.57,5.81,2.35,4.32,2.53
3_M_009,Dropping the phone ,3,M,3.61,1.96,5.13,2.88,3.29,1.68,3.93,2.20,4.92,2.71,5.33,3.08
1_F_010,Dropping ice-cream,1,F,3.63,2.10,5.67,2.38,3.33,2.13,3.95,2.07,6.16,2.41,5.16,2.27
1_M_010,Dropping ice-cream,1,M,3.77,2.02,4.72,2.84,3.68,2.17,3.87,1.89,4.23,2.69,5.19,2.96
3_F_010,Dropping ice-cream,3,F,3.46,1.94,4.67,2.69,2.77,1.66,4.15,1.99,5.39,2.59,3.93,2.63
3_M_010,Dropping ice-cream,3,M,3.55,1.66,5.09,2.44,3.38,1.50,3.77,1.84,5.43,2.52,4.75,2.37
1_F_011,Throwing a ring on the ground,1,F,3.70,1.83,4.76,2.47,3.76,2.02,3.63,1.64,5.41,2.31,4.10,2.49
1_M_011,Throwing a ring on the ground,1,M,3.61,1.70,4.13,2.85,3.48,1.82,3.73,1.57,3.96,2.81,4.30,2.93
3_F_011,Throwing a ring on the ground,3,F,3.67,1.76,4.54,2.64,3.54,1.82,3.81,1.72,5.35,2.54,3.70,2.52
3_M_011,Throwing a ring on the ground,3,M,3.07,1.63,4.98,2.46,2.81,1.60,3.38,1.65,4.57,2.71,5.39,2.15
1_F_012,Throwing a rock,1,F,3.67,2.57,5.81,2.41,3.35,2.36,4.00,2.77,5.65,2.31,5.96,2.53
1_M_012,Throwing a rock,1,M,3.21,2.23,5.87,2.52,3.50,2.23,2.92,2.24,6.39,2.14,5.33,2.80
3_F_012,Throwing a rock,3,F,4.00,2.32,5.75,2.28,3.56,2.23,4.54,2.35,5.50,2.47,6.00,2.09
3_M_012,Throwing a rock,3,M,2.70,2.30,5.65,2.27,3.10,2.77,2.26,1.59,6.25,2.02,5.03,2.39
1_F_013,Measuring one's fever,1,F,3.23,1.57,4.21,2.71,3.42,1.72,3.04,1.40,4.65,2.67,3.77,2.74
1_M_013,Measuring one's fever,1,M,3.16,1.52,4.73,2.49,2.84,1.42,3.54,1.58,4.96,2.69,4.50,2.30
3_F_013,Measuring one's fever,3,F,3.28,1.92,3.51,2.26,2.90,1.81,3.68,2.00,3.84,2.41,3.16,2.07
3_M_013,Measuring one's fever,3,M,3.46,1.64,4.68,2.53,3.23,1.61,3.70,1.66,4.12,2.34,5.22,2.62
1_F_014,Losing hair,1,F,2.38,1.44,6.02,2.71,2.16,1.34,2.60,1.52,6.12,2.64,5.93,2.83
1_M_014,Losing hair,1,M,2.67,1.68,5.87,2.57,2.69,2.00,2.65,1.32,6.87,1.84,4.83,2.82
3_F_014,Losing hair,3,F,2.17,1.45,6.20,2.51,1.81,1.12,2.62,1.70,6.71,2.66,5.68,2.28
3_M_014,Losing hair,3,M,2.88,1.95,5.84,2.63,2.71,2.24,3.05,1.61,6.19,2.61,5.48,2.64
1_F_015,Stepping on dirt,1,F,3.05,1.94,5.79,2.55,3.16,1.98,2.93,1.91,5.42,2.21,6.15,2.84
1_M_015,Stepping on dirt,1,M,4.40,2.44,5.34,2.60,4.27,2.41,4.54,2.52,5.94,2.58,4.73,2.52
3_F_015,Stepping on dirt,3,F,3.28,1.74,5.55,2.31,3.28,1.76,3.27,1.73,5.57,2.22,5.54,2.44
3_M_015,Stepping on dirt,3,M,2.65,1.37,4.56,2.22,2.57,1.29,2.74,1.48,4.66,2.16,4.45,2.31
1_F_016,Being pinched by someone,1,F,2.78,1.93,5.44,2.39,2.14,1.31,3.47,2.27,6.41,2.17,4.45,2.23
1_M_016,Being pinched by someone,1,M,4.03,2.05,4.55,2.63,3.81,2.09,4.27,2.02,4.42,2.59,4.67,2.70
3_F_016,Being pinched by someone,3,F,2.40,1.55,5.72,2.52,2.38,1.53,2.42,1.60,6.61,2.08,4.80,2.63
3_M_016,Being pinched by someone,3,M,3.33,1.64,5.23,2.57,3.22,1.39,3.46,1.92,5.36,2.57,5.11,2.62
1_F_017,Throwing popcorn ,1,F,3.12,2.21,5.49,2.70,3.08,2.30,3.15,2.17,5.94,2.64,5.03,2.72
1_M_017,Throwing popcorn ,1,M,2.86,1.79,6.07,2.46,2.69,1.73,3.08,1.87,6.43,2.36,5.71,2.55
3_F_017,Throwing popcorn ,3,F,2.78,2.03,5.56,2.72,2.57,1.69,3.00,2.38,6.47,2.57,4.61,2.59
3_M_017,Throwing popcorn ,3,M,3.66,2.36,6.08,2.56,3.58,2.46,3.73,2.29,5.62,2.35,6.52,2.71
1_F_018,Being locked inside a room,1,F,3.27,1.57,4.21,2.29,3.19,1.67,3.35,1.50,4.81,2.20,3.60,2.25
1_M_018,Being locked inside a room,1,M,2.90,1.46,5.63,2.24,2.53,1.24,3.35,1.60,5.61,2.47,5.64,2.02
3_F_018,Being locked inside a room,3,F,3.08,1.85,5.29,2.47,2.76,2.26,3.42,1.22,5.91,2.56,4.65,2.24
3_M_018,Being locked inside a room,3,M,3.70,1.70,5.38,2.60,3.65,1.68,3.77,1.74,5.27,2.52,5.48,2.72
1_F_019,Splling coffee on the table,1,F,3.52,2.16,4.82,2.49,3.77,2.41,3.27,1.89,5.03,2.50,4.60,2.50
1_M_019,Splling coffee on the table,1,M,3.16,1.83,5.64,2.26,3.00,1.59,3.35,2.12,5.50,2.33,5.79,2.22
3_F_019,Splling coffee on the table,3,F,3.95,1.77,5.11,2.31,3.81,1.83,4.11,1.73,5.34,2.27,4.87,2.38
3_M_019,Splling coffee on the table,3,M,3.62,1.85,5.34,2.54,3.29,1.83,3.97,1.83,4.96,2.39,5.70,2.67
1_F_020,Snorting cocaine,1,F,3.00,2.05,5.56,2.94,2.92,1.87,3.08,2.24,6.06,2.80,5.03,3.02
1_M_020,Snorting cocaine,1,M,2.28,1.67,5.48,2.72,1.81,1.15,2.85,2.03,5.39,2.54,5.57,2.94
3_F_020,Snorting cocaine,3,F,2.78,2.35,5.22,2.43,2.33,2.33,3.26,2.33,6.00,2.40,4.42,2.23
3_M_020,Snorting cocaine,3,M,1.98,1.58,5.15,2.95,1.90,1.70,2.07,1.46,5.81,2.76,4.52,3.04
1_F_021,Spitting gum,1,F,2.83,1.49,5.27,2.74,2.66,1.18,3.04,1.80,5.11,2.75,5.43,2.77
1_M_021,Spitting gum,1,M,4.10,1.58,4.81,2.39,4.14,1.71,4.05,1.47,5.63,2.39,3.97,2.11
3_F_021,Spitting gum,3,F,3.38,1.72,4.57,2.58,3.35,1.38,3.40,2.04,4.85,2.44,4.30,2.71
3_M_021,Spitting gum,3,M,2.94,1.85,4.56,2.78,2.96,1.91,2.92,1.83,5.39,2.86,3.70,2.47
1_F_022,Tearing off a butterfly's wings,1,F,2.35,1.56,5.44,2.87,1.95,1.40,2.79,1.65,6.25,2.85,4.61,2.68
1_M_022,Tearing off a butterfly's wings,1,M,2.49,1.55,4.96,2.67,2.45,1.50,2.53,1.61,6.08,2.38,3.89,2.53
3_F_022,Tearing off a butterfly's wings,3,F,2.75,1.93,4.79,2.37,2.54,1.92,2.96,1.95,5.35,2.46,4.20,2.17
3_M_022,Tearing off a butterfly's wings,3,M,2.86,1.74,5.36,2.54,2.59,1.74,3.19,1.72,6.14,2.51,4.57,2.36
1_F_023,Tearing apart a dollar bill,1,F,2.69,2.07,6.30,2.65,2.41,1.83,3.04,2.32,5.93,2.68,6.68,2.61
1_M_023,Tearing apart a dollar bill,1,M,2.63,2.36,5.89,2.52,2.29,2.19,3.00,2.54,6.97,2.02,4.77,2.53
3_F_023,Tearing apart a dollar bill,3,F,2.28,1.48,6.91,2.54,1.87,1.20,2.70,1.64,6.35,2.61,7.44,2.39
3_M_023,Tearing apart a dollar bill,3,M,2.56,1.58,5.77,2.73,2.38,1.50,2.73,1.66,6.03,2.61,5.50,2.86
1_F_024,Cutting oneself with a knife,1,F,2.70,1.87,5.70,2.58,2.38,1.99,3.05,1.72,6.88,2.09,4.48,2.50
1_M_024,Cutting oneself with a knife,1,M,2.62,1.71,6.00,2.36,2.35,1.70,2.90,1.71,6.00,2.30,6.00,2.47
3_F_024,Cutting oneself with a knife,3,F,3.04,1.55,5.28,2.52,3.27,1.54,2.81,1.55,5.71,2.51,4.83,2.51
3_M_024,Cutting oneself with a knife,3,M,3.10,1.79,5.71,2.48,2.69,1.42,3.62,2.08,6.04,2.33,5.39,2.62
1_F_025,Coughing blood,1,F,2.47,1.35,5.86,2.35,2.47,1.41,2.46,1.30,6.04,2.40,5.68,2.34
1_M_025,Coughing blood,1,M,2.40,1.66,5.33,2.65,2.33,1.83,2.47,1.50,6.13,2.49,4.52,2.59
3_F_025,Coughing blood,3,F,2.41,1.50,6.38,2.33,2.26,1.44,2.57,1.57,5.65,2.48,7.07,1.98
3_M_025,Coughing blood,3,M,2.38,1.61,5.67,2.74,2.62,1.77,2.15,1.43,6.19,2.41,5.13,2.99
1_F_026,Seeing a pair of broken glasses,1,F,3.27,1.30,3.93,2.43,3.31,1.38,3.23,1.24,3.71,2.41,4.17,2.48
1_M_026,Seeing a pair of broken glasses,1,M,3.19,1.42,4.46,2.33,3.09,1.40,3.31,1.46,4.14,2.52,4.79,2.11
3_F_026,Seeing a pair of broken glasses,3,F,3.28,1.80,4.54,2.57,3.48,2.04,3.05,1.51,5.22,2.35,3.84,2.63
3_M_026,Seeing a pair of broken glasses,3,M,3.70,1.38,4.15,2.53,3.55,1.29,3.87,1.48,4.88,2.57,3.44,2.33
1_F_027,Spotting a snake,1,F,3.13,2.18,7.09,2.44,2.77,1.94,3.50,2.37,7.00,2.38,7.19,2.54
1_M_027,Spotting a snake,1,M,3.10,2.16,6.56,2.71,3.12,2.49,3.08,1.83,7.45,2.25,5.63,2.86
3_F_027,Spotting a snake,3,F,2.84,2.11,6.64,2.36,2.31,1.67,3.50,2.42,6.86,2.55,6.43,2.18
3_M_027,Spotting a snake,3,M,2.95,2.15,6.11,2.66,2.14,1.35,3.84,2.52,6.91,2.45,5.29,2.66
1_F_028,Spotting a mouse ,1,F,3.80,2.10,5.19,2.70,3.26,2.24,4.37,1.81,5.19,2.56,5.19,2.88
1_M_028,Spotting a mouse ,1,M,3.63,1.72,4.97,2.85,3.15,1.62,4.12,1.70,6.23,2.72,3.67,2.38
3_F_028,Spotting a mouse ,3,F,4.38,2.11,5.09,2.45,3.72,1.95,5.19,2.04,5.32,2.58,4.86,2.34
3_M_028,Spotting a mouse ,3,M,3.60,1.95,4.56,2.80,3.24,2.19,4.00,1.60,5.22,2.81,3.87,2.67
1_F_029,Finding a fly on the plate,1,F,2.43,1.91,6.48,2.38,1.90,1.48,3.00,2.19,7.31,2.21,5.61,2.28
1_M_029,Finding a fly on the plate,1,M,2.38,1.69,6.23,2.42,2.03,1.54,2.73,1.80,6.08,2.26,6.37,2.60
3_F_029,Finding a fly on the plate,3,F,2.44,1.43,5.08,2.82,2.12,1.28,2.77,1.53,5.84,2.61,4.30,2.85
3_M_029,Finding a fly on the plate,3,M,2.19,1.55,6.57,1.91,1.91,1.17,2.54,1.88,6.29,2.02,6.86,1.78
1_F_030,Finding worms under a box ,1,F,2.64,1.62,6.21,2.30,1.97,1.18,3.46,1.73,6.79,2.22,5.64,2.28
1_M_030,Finding worms under a box ,1,M,2.75,2.10,5.68,2.78,2.29,2.10,3.26,2.02,6.94,2.47,4.39,2.50
3_F_030,Finding worms under a box ,3,F,3.39,1.67,5.23,2.58,2.77,1.61,4.03,1.50,5.38,2.67,5.07,2.54
3_M_030,Finding worms under a box ,3,M,3.06,2.07,5.11,2.78,2.54,2.28,3.58,1.72,6.13,2.57,4.07,2.64
1_F_031,Buttoning a shirt,1,F,4.40,1.47,2.25,1.69,4.08,1.90,4.73,0.78,2.65,1.87,1.83,1.39
1_M_031,Buttoning a shirt,1,M,5.05,1.38,2.68,1.82,4.91,1.35,5.23,1.42,2.79,1.85,2.57,1.81
3_F_031,Buttoning a shirt,3,F,5.35,1.59,2.35,1.86,5.10,1.64,5.63,1.54,2.72,2.22,1.97,1.33
3_M_031,Buttoning a shirt,3,M,4.82,1.42,2.58,2.34,4.65,1.58,5.00,1.23,2.88,2.63,2.30,2.03
1_F_032,Sharpening a pencil,1,F,5.13,1.74,2.25,1.79,5.10,1.81,5.16,1.71,2.47,1.92,2.03,1.64
1_M_032,Sharpening a pencil,1,M,5.51,1.49,2.34,1.94,5.68,1.51,5.33,1.47,2.62,2.00,2.07,1.88
3_F_032,Sharpening a pencil,3,F,5.08,1.78,1.92,1.44,5.38,2.12,4.77,1.34,2.10,1.66,1.73,1.17
3_M_032,Sharpening a pencil,3,M,5.64,1.25,2.68,2.23,5.66,1.12,5.62,1.42,2.71,2.34,2.64,2.16
1_F_033,Tying shoelaces,1,F,5.03,1.72,2.08,1.66,4.95,1.83,5.11,1.63,2.22,1.66,1.94,1.67
1_M_033,Tying shoelaces,1,M,5.23,1.12,2.42,2.25,5.29,1.24,5.17,0.99,2.31,2.11,2.52,2.41
3_F_033,Tying shoelaces,3,F,5.00,1.51,1.74,1.21,5.08,1.81,4.92,1.16,1.81,1.19,1.67,1.24
3_M_033,Tying shoelaces,3,M,5.29,1.26,2.55,1.95,5.41,1.16,5.15,1.38,2.39,1.55,2.71,2.31
1_F_034,Getting up from a chair,1,F,5.25,1.74,2.44,1.74,4.76,1.73,5.79,1.62,2.56,1.90,2.32,1.58
1_M_034,Getting up from a chair,1,M,5.46,1.36,1.91,1.61,5.32,1.30,5.60,1.43,1.65,1.02,2.15,2.01
3_F_034,Getting up from a chair,3,F,4.73,1.62,1.67,1.35,4.69,1.78,4.77,1.48,1.87,1.67,1.47,0.90
3_M_034,Getting up from a chair,3,M,5.26,1.18,2.30,1.92,5.28,1.28,5.23,1.07,2.54,2.27,2.07,1.49
1_F_035,Setting the table,1,F,5.57,1.51,3.07,2.24,5.66,1.45,5.46,1.61,3.18,2.23,2.96,2.28
1_M_035,Setting the table,1,M,5.45,1.45,2.71,2.10,5.05,1.24,5.89,1.56,2.75,2.23,2.68,1.99
3_F_035,Setting the table,3,F,5.25,1.77,2.60,2.20,5.29,1.81,5.20,1.75,2.62,2.08,2.59,2.36
3_M_035,Setting the table,3,M,4.83,1.75,2.41,2.01,4.58,1.81,5.08,1.67,2.52,2.23,2.30,1.78
1_F_036,Hanging a jacket,1,F,5.53,1.28,1.90,1.54,5.14,0.57,5.95,1.68,1.91,1.67,1.90,1.42
1_M_036,Hanging a jacket,1,M,4.98,1.36,1.79,1.67,4.71,1.40,5.27,1.28,1.50,0.95,2.07,2.13
3_F_036,Hanging a jacket,3,F,4.73,1.69,1.98,1.70,4.58,1.84,4.88,1.56,2.19,1.74,1.77,1.65
3_M_036,Hanging a jacket,3,M,5.29,1.28,2.41,1.99,5.28,1.08,5.31,1.52,2.25,1.78,2.57,2.20
1_F_037,Erasing something with an eraser,1,F,4.63,1.44,2.94,2.22,4.57,1.40,4.68,1.53,3.31,2.51,2.55,1.84
1_M_037,Erasing something with an eraser,1,M,5.11,1.44,2.81,2.34,5.35,1.38,4.87,1.48,2.96,2.41,2.67,2.30
3_F_037,Erasing something with an eraser,3,F,4.33,1.58,2.08,1.64,4.42,1.45,4.23,1.73,2.45,1.88,1.70,1.26
3_M_037,Erasing something with an eraser,3,M,5.17,1.06,2.68,1.66,5.16,1.19,5.19,0.90,3.18,1.79,2.18,1.39
1_F_038,Making a call on the phone,1,F,5.00,1.22,2.25,1.66,5.06,1.36,4.93,1.08,2.42,1.90,2.07,1.41
1_M_038,Making a call on the phone,1,M,4.69,1.26,1.57,1.16,4.62,1.30,4.77,1.24,1.65,1.33,1.50,0.97
3_F_038,Making a call on the phone,3,F,4.81,1.56,2.68,2.17,4.72,1.63,4.92,1.49,3.18,2.48,2.18,1.70
3_M_038,Making a call on the phone,3,M,4.68,1.21,2.46,2.11,4.52,0.81,4.84,1.54,2.72,2.28,2.19,1.92
1_F_039,Closing the bag,1,F,5.36,1.02,2.57,2.03,5.13,0.98,5.65,1.02,2.54,1.97,2.61,2.13
1_M_039,Closing the bag,1,M,5.33,1.53,2.32,1.91,4.76,1.48,5.95,1.35,2.38,1.90,2.26,1.95
3_F_039,Closing the bag,3,F,4.69,1.42,2.00,1.63,4.68,1.54,4.70,1.32,1.96,1.54,2.04,1.74
3_M_039,Closing the bag,3,M,4.83,1.72,1.79,1.51,4.62,1.92,5.04,1.51,2.29,1.92,1.27,0.58
1_F_040,Closing an umbrella,1,F,4.59,1.56,2.45,2.05,4.61,1.33,4.57,1.79,2.15,1.38,2.74,2.54
1_M_040,Closing an umbrella,1,M,5.23,1.50,1.97,1.22,5.27,1.73,5.19,1.27,2.06,1.39,1.87,1.04
3_F_040,Closing an umbrella,3,F,5.64,1.15,2.39,1.87,5.63,1.16,5.65,1.16,2.57,2.06,2.21,1.69
3_M_040,Closing an umbrella,3,M,5.13,1.60,2.08,1.71,5.14,1.80,5.11,1.41,2.09,1.77,2.06,1.67
1_F_041,Putting the cap on a marker,1,F,5.13,1.76,1.80,1.40,5.27,1.80,5.00,1.74,1.74,1.39,1.87,1.43
1_M_041,Putting the cap on a marker,1,M,5.48,1.31,2.32,1.79,5.38,1.18,5.62,1.47,2.68,2.04,1.96,1.45
3_F_041,Putting the cap on a marker,3,F,4.58,1.75,1.68,1.04,4.67,1.74,4.47,1.81,1.88,1.13,1.48,0.93
3_M_041,Putting the cap on a marker,3,M,5.30,1.42,1.47,1.38,5.35,1.45,5.23,1.41,1.62,1.72,1.33,0.96
1_F_042,Folding a chair,1,F,5.36,1.41,1.94,1.71,5.45,1.46,5.27,1.39,2.00,1.55,1.89,1.89
1_M_042,Folding a chair,1,M,5.00,1.31,1.64,1.33,5.27,1.43,4.73,1.15,1.74,1.61,1.53,0.97
3_F_042,Folding a chair,3,F,5.50,1.13,2.23,1.94,5.59,1.04,5.38,1.24,2.50,2.30,1.96,1.48
3_M_042,Folding a chair,3,M,4.75,1.50,1.59,1.36,4.52,1.33,5.00,1.67,1.53,1.11,1.65,1.60
1_F_043,Finger counting,1,F,4.86,1.00,1.88,1.58,4.81,0.90,4.92,1.13,2.07,1.61,1.68,1.56
1_M_043,Finger counting,1,M,4.75,1.72,2.06,1.56,4.86,1.42,4.63,2.03,1.91,1.47,2.23,1.67
3_F_043,Finger counting,3,F,4.62,1.49,1.92,1.57,4.42,1.57,4.83,1.39,1.73,1.46,2.11,1.67
3_M_043,Finger counting,3,M,4.25,1.33,2.08,1.85,4.12,1.51,4.38,1.13,2.26,2.08,1.90,1.58
1_F_044,Drawing a triangle,1,F,5.31,1.48,2.34,2.02,5.29,1.44,5.33,1.54,2.31,2.13,2.37,1.94
1_M_044,Drawing a triangle,1,M,5.00,1.84,2.11,1.57,4.96,1.95,5.04,1.75,2.55,1.89,1.67,0.99
3_F_044,Drawing a triangle,3,F,5.69,1.10,3.07,2.36,5.75,1.05,5.62,1.17,2.96,2.13,3.18,2.60
3_M_044,Drawing a triangle,3,M,5.23,1.56,2.16,1.61,4.67,1.59,5.84,1.30,1.97,1.20,2.35,1.94
1_F_045,Signing on a paper,1,F,5.26,1.25,3.46,2.30,5.16,1.14,5.38,1.39,3.57,2.22,3.36,2.41
1_M_045,Signing on a paper,1,M,5.15,1.46,2.48,2.04,5.05,1.32,5.26,1.63,2.59,2.15,2.35,1.94
3_F_045,Signing on a paper,3,F,5.16,1.16,2.36,1.96,5.10,0.91,5.23,1.38,2.35,2.10,2.37,1.86
3_M_045,Signing on a paper,3,M,4.62,1.42,1.95,1.58,4.46,1.50,4.77,1.34,2.03,1.78,1.87,1.36
1_F_046,Scratching one's hand,1,F,4.60,2.16,2.81,1.85,4.24,2.00,5.00,2.31,3.06,1.92,2.55,1.77
1_M_046,Scratching one's hand,1,M,4.38,1.32,2.53,2.19,4.35,1.43,4.40,1.22,2.19,1.77,2.85,2.52
3_F_046,Scratching one's hand,3,F,4.25,1.57,1.98,1.67,4.23,1.63,4.27,1.54,2.23,1.69,1.73,1.64
3_M_046,Scratching one's hand,3,M,4.60,0.99,2.89,2.34,4.53,1.08,4.69,0.88,2.93,2.32,2.86,2.40
1_F_047,Wearing a bracelet,1,F,5.60,1.09,2.20,1.69,5.78,1.16,5.38,0.98,2.29,1.92,2.11,1.45
1_M_047,Wearing a bracelet,1,M,5.60,1.58,2.00,1.50,5.19,1.40,6.05,1.68,1.91,1.59,2.10,1.42
3_F_047,Wearing a bracelet,3,F,5.36,1.57,1.85,1.52,5.16,1.70,5.57,1.43,1.85,1.29,1.85,1.75
3_M_047,Wearing a bracelet,3,M,4.90,1.58,1.49,1.06,4.96,1.64,4.85,1.54,1.45,0.93,1.53,1.20
1_F_048,Wearing a jacket,1,F,5.34,1.34,2.63,1.93,5.25,1.32,5.46,1.39,2.79,2.06,2.46,1.82
1_M_048,Wearing a jacket,1,M,5.08,1.07,2.16,1.74,5.10,0.94,5.05,1.22,2.38,2.00,1.94,1.44
3_F_048,Wearing a jacket,3,F,4.90,1.49,1.98,1.59,4.90,1.68,4.90,1.30,1.88,1.56,2.07,1.64
3_M_048,Wearing a jacket,3,M,4.85,1.19,1.77,1.32,4.65,1.29,5.04,1.08,1.65,1.25,1.90,1.40
1_F_049,Measuring something with the tape measurer,1,F,5.15,1.17,1.79,1.41,5.13,1.23,5.17,1.12,1.88,1.28,1.70,1.54
1_M_049,Measuring something with the tape measurer,1,M,4.88,1.54,1.61,1.04,4.88,1.56,4.88,1.56,1.84,1.16,1.37,0.85
3_F_049,Measuring something with the tape measurer,3,F,5.21,0.89,2.39,1.63,5.00,0.36,5.46,1.24,2.39,1.79,2.39,1.47
3_M_049,Measuring something with the tape measurer,3,M,4.48,1.80,2.06,1.82,4.48,1.50,4.47,2.12,2.13,2.17,2.00,1.41
1_F_050,Folding a sheet of paper,1,F,4.46,1.70,2.19,1.85,4.45,1.80,4.47,1.61,2.23,1.77,2.15,1.96
1_M_050,Folding a sheet of paper,1,M,4.19,1.74,3.05,2.80,4.19,2.10,4.19,1.33,3.68,3.22,2.40,2.14
3_F_050,Folding a sheet of paper,3,F,4.98,0.89,2.36,1.92,4.91,1.06,5.08,0.63,2.46,1.93,2.25,1.94
3_M_050,Folding a sheet of paper,3,M,4.55,1.36,1.84,1.47,4.33,1.39,4.79,1.32,1.69,1.00,2.00,1.84
1_F_051,Folding a t-shirt,1,F,4.88,1.98,2.39,1.95,4.38,1.98,5.38,1.88,3.03,2.36,1.73,1.11
1_M_051,Folding a t-shirt,1,M,6.07,1.47,2.39,1.89,5.97,1.06,6.19,1.88,2.71,1.94,2.07,1.82
3_F_051,Folding a t-shirt,3,F,5.10,2.20,2.33,2.04,5.24,2.05,4.95,2.41,2.47,2.12,2.19,1.97
3_M_051,Folding a t-shirt,3,M,4.18,1.72,2.81,2.22,4.23,1.78,4.13,1.68,2.38,1.70,3.22,2.59
1_F_052,Putting down a pair of glasses,1,F,5.49,1.26,1.85,1.93,5.55,1.31,5.43,1.22,2.08,2.13,1.63,1.71
1_M_052,Putting down a pair of glasses,1,M,5.27,1.70,1.90,1.71,5.27,1.80,5.27,1.64,2.23,2.00,1.57,1.30
3_F_052,Putting down a pair of glasses,3,F,5.33,1.51,2.73,2.17,5.19,1.49,5.50,1.56,2.32,1.91,3.14,2.37
3_M_052,Putting down a pair of glasses,3,M,5.83,1.80,2.14,1.92,5.48,1.69,6.21,1.87,2.28,2.08,2.00,1.75
1_F_053,Putting a pen back in its case,1,F,5.23,1.66,1.70,1.35,4.85,1.54,5.62,1.72,2.00,1.67,1.40,0.81
1_M_053,Putting a pen back in its case,1,M,5.62,0.97,2.20,1.59,5.63,0.87,5.62,1.10,2.61,1.89,1.79,1.10
3_F_053,Putting a pen back in its case,3,F,5.03,1.21,2.27,1.83,5.00,1.05,5.05,1.39,2.13,1.72,2.42,1.96
3_M_053,Putting a pen back in its case,3,M,5.66,1.42,2.11,2.10,5.39,1.36,5.93,1.46,2.35,2.40,1.89,1.78
1_F_054,Writing on a blackboard,1,F,5.20,1.87,2.70,2.25,5.48,1.81,4.89,1.94,2.94,2.37,2.45,2.14
1_M_054,Writing on a blackboard,1,M,4.44,1.41,2.89,2.31,4.19,1.66,4.70,1.06,3.00,2.08,2.78,2.55
3_F_054,Writing on a blackboard,3,F,4.73,1.37,2.05,1.67,4.65,1.44,4.81,1.33,2.26,1.67,1.83,1.66
3_M_054,Writing on a blackboard,3,M,5.53,1.27,3.70,2.54,5.72,1.17,5.31,1.38,4.21,2.74,3.18,2.25
1_F_055,Flipping through the pages of a notebook,1,F,4.80,1.60,1.94,1.71,5.13,1.38,4.47,1.76,2.08,1.94,1.81,1.49
1_M_055,Flipping through the pages of a notebook,1,M,4.71,1.83,1.69,1.40,4.96,2.11,4.46,1.50,2.00,1.73,1.37,0.85
3_F_055,Flipping through the pages of a notebook,3,F,4.95,1.32,2.54,1.88,4.78,1.48,5.15,1.08,2.36,1.66,2.71,2.09
3_M_055,Flipping through the pages of a notebook,3,M,4.95,1.92,2.35,1.98,5.14,1.59,4.74,2.26,2.28,1.89,2.42,2.09
1_F_056,Setting the hands of the clock,1,F,5.00,1.52,1.59,1.04,4.77,1.61,5.23,1.42,1.61,1.20,1.57,0.86
1_M_056,Setting the hands of the clock,1,M,4.84,1.37,2.48,1.94,4.72,1.53,5.00,1.17,2.21,1.57,2.75,2.25
3_F_056,Setting the hands of the clock,3,F,5.00,1.09,2.16,1.82,4.86,0.57,5.16,1.46,2.41,2.26,1.90,1.22
3_M_056,Setting the hands of the clock,3,M,5.05,1.35,1.81,1.43,4.87,1.20,5.23,1.48,1.92,1.60,1.70,1.27
1_F_057,Highlighting a written passage,1,F,5.08,1.41,3.62,2.68,4.65,1.45,5.53,1.22,3.69,2.40,3.56,2.98
1_M_057,Highlighting a written passage,1,M,4.71,1.61,2.49,1.97,4.65,1.70,4.77,1.56,3.00,2.34,1.97,1.35
3_F_057,Highlighting a written passage,3,F,5.53,1.60,3.54,2.50,5.59,1.56,5.46,1.68,3.89,2.67,3.18,2.31
3_M_057,Highlighting a written passage,3,M,5.28,1.43,2.90,2.24,5.43,0.93,5.11,1.85,3.19,2.42,2.61,2.04
1_F_058,Stapling together sheets of paper,1,F,4.90,1.48,2.25,1.80,5.10,1.58,4.68,1.38,2.13,1.62,2.39,1.98
1_M_058,Stapling together sheets of paper,1,M,4.69,1.43,2.13,1.59,4.58,1.46,4.80,1.42,2.00,1.13,2.26,1.95
3_F_058,Stapling together sheets of paper,3,F,4.58,1.64,1.98,1.80,4.31,1.76,4.85,1.49,2.06,1.81,1.90,1.83
3_M_058,Stapling together sheets of paper,3,M,5.67,1.15,2.11,1.66,5.72,1.14,5.62,1.17,2.57,2.04,1.64,0.99
1_F_059,Cutting a sheet of paper,1,F,5.14,1.00,2.20,1.74,5.16,1.05,5.12,0.95,2.36,1.91,2.04,1.57
1_M_059,Cutting a sheet of paper,1,M,4.93,1.37,2.22,1.83,4.86,1.53,5.00,1.20,2.28,1.82,2.16,1.86
3_F_059,Cutting a sheet of paper,3,F,4.74,1.37,2.08,1.64,4.81,1.28,4.67,1.47,2.42,1.94,1.74,1.23
3_M_059,Cutting a sheet of paper,3,M,4.60,1.36,1.90,1.66,4.35,1.50,4.85,1.19,2.00,1.73,1.80,1.61
1_F_060,Using the compass,1,F,5.56,1.84,2.43,1.82,5.35,1.87,5.77,1.82,2.77,2.03,2.07,1.53
1_M_060,Using the compass,1,M,5.91,1.34,3.34,2.35,5.84,1.22,6.00,1.50,3.54,2.52,3.14,2.19
3_F_060,Using the compass,3,F,5.23,1.69,2.79,1.92,4.86,1.71,5.63,1.61,2.94,2.05,2.65,1.80
3_M_060,Using the compass,3,M,5.48,1.27,2.28,1.84,5.39,1.38,5.57,1.17,2.31,1.72,2.26,1.99
1_F_061, Hugging someone,1,F,7.16,1.62,4.93,2.25,7.66,1.18,6.54,1.88,4.86,1.98,5.00,2.52
1_M_061, Hugging someone,1,M,7.35,1.76,5.27,2.40,7.33,1.80,7.37,1.77,5.81,2.53,4.71,2.16
3_F_061, Hugging someone,3,F,7.49,1.35,4.75,2.79,7.58,1.65,7.40,0.97,4.73,2.57,4.78,3.03
3_M_061, Hugging someone,3,M,7.23,1.85,4.43,2.57,7.19,2.10,7.27,1.61,4.90,2.64,3.93,2.45
1_F_062,Caressing someone,1,F,6.40,2.49,4.62,2.43,6.57,2.31,6.21,2.72,5.34,2.18,3.87,2.47
1_M_062,Caressing someone,1,M,6.52,2.12,4.00,2.71,6.87,2.00,6.17,2.21,3.77,2.66,4.22,2.79
3_F_062,Caressing someone,3,F,6.79,1.63,5.03,2.27,6.54,1.96,7.04,1.18,5.35,2.11,4.70,2.41
3_M_062,Caressing someone,3,M,7.28,1.41,5.34,2.33,7.59,1.16,6.88,1.61,5.04,2.38,5.64,2.28
1_F_063,Watering a plant,1,F,5.97,1.36,2.36,1.87,6.06,1.46,5.85,1.26,3.00,2.05,1.71,1.44
1_M_063,Watering a plant,1,M,5.75,1.32,2.48,1.92,5.57,1.40,5.95,1.22,2.59,1.98,2.35,1.87
3_F_063,Watering a plant,3,F,6.15,1.42,1.83,1.41,6.23,1.56,6.07,1.28,1.85,1.46,1.81,1.39
3_M_063,Watering a plant,3,M,5.62,1.88,2.31,1.68,5.31,1.85,5.92,1.90,2.39,1.80,2.23,1.57
1_F_064,Kissing someone,1,F,7.30,1.30,4.44,2.50,7.38,1.32,7.21,1.32,4.72,2.40,4.16,2.61
1_M_064,Kissing someone,1,M,6.77,1.90,4.43,2.67,7.13,1.59,6.40,2.14,4.31,2.57,4.56,2.81
3_F_064,Kissing someone,3,F,6.60,1.90,4.28,2.65,6.50,2.14,6.69,1.67,5.00,2.74,3.53,2.37
3_M_064,Kissing someone,3,M,7.07,1.78,4.54,2.52,7.59,1.46,6.42,1.94,4.54,2.43,4.54,2.66
1_F_065,Dancing with someone,1,F,6.41,1.85,4.70,2.31,7.09,1.44,5.58,1.96,5.00,2.28,4.39,2.35
1_M_065,Dancing with someone,1,M,6.28,1.91,4.48,2.25,6.43,1.89,6.11,1.97,4.69,2.32,4.26,2.19
3_F_065,Dancing with someone,3,F,7.03,1.60,4.74,2.88,7.13,1.91,6.93,1.23,4.46,2.77,5.00,3.01
3_M_065,Dancing with someone,3,M,6.63,2.06,4.59,2.54,6.88,2.27,6.38,1.83,5.00,2.37,4.17,2.68
1_F_066,Solving a puzzle,1,F,6.64,1.62,4.79,2.63,6.77,1.43,6.50,1.81,4.77,2.42,4.81,2.86
1_M_066,Solving a puzzle,1,M,6.98,1.99,3.66,2.48,7.00,2.45,6.96,1.46,3.71,2.47,3.60,2.53
3_F_066,Solving a puzzle,3,F,6.86,1.47,4.09,2.38,7.06,1.48,6.62,1.44,4.54,2.49,3.64,2.23
3_M_066,Solving a puzzle,3,M,6.40,1.88,3.79,2.30,6.62,2.01,6.16,1.74,4.25,2.40,3.32,2.14
1_F_067,Counting money,1,F,6.13,2.17,3.87,2.39,6.19,2.25,6.05,2.15,4.28,2.30,3.45,2.43
1_M_067,Counting money,1,M,6.08,1.79,3.79,2.62,6.10,1.68,6.07,1.93,3.62,2.26,3.96,2.95
3_F_067,Counting money,3,F,5.83,1.80,3.85,2.33,5.92,2.02,5.73,1.59,4.03,2.29,3.67,2.40
3_M_067,Counting money,3,M,5.67,1.64,3.63,2.51,5.75,1.61,5.58,1.70,3.61,2.59,3.64,2.48
1_F_068,Giving a gift to someone,1,F,6.97,1.73,4.45,2.63,7.32,1.28,6.60,2.06,4.31,2.45,4.59,2.83
1_M_068,Giving a gift to someone,1,M,7.00,1.56,4.66,2.35,6.85,1.71,7.15,1.41,5.42,2.28,3.87,2.19
3_F_068,Giving a gift to someone,3,F,7.03,1.34,5.04,2.35,7.25,1.32,6.77,1.34,5.14,2.46,4.93,2.28
3_M_068,Giving a gift to someone,3,M,6.78,2.51,4.25,2.60,7.05,2.42,6.47,2.63,4.53,2.83,3.97,2.34
1_F_069,Making soap bubbles,1,F,6.57,1.35,4.48,2.43,7.22,1.04,5.77,1.27,5.00,2.64,3.96,2.13
1_M_069,Making soap bubbles,1,M,6.43,1.82,3.43,1.97,6.57,1.89,6.26,1.79,3.69,2.28,3.16,1.59
3_F_069,Making soap bubbles,3,F,6.74,1.44,3.81,2.63,6.97,0.95,6.50,1.80,4.23,2.86,3.41,2.37
3_M_069,Making soap bubbles,3,M,6.13,2.03,3.46,2.38,6.15,2.27,6.12,1.80,4.00,2.42,2.90,2.25
1_F_070,Making a toast,1,F,6.42,1.98,3.93,2.75,6.46,1.98,6.38,2.02,3.77,2.60,4.10,2.93
1_M_070,Making a toast,1,M,6.93,1.46,4.16,2.15,7.09,1.35,6.73,1.59,4.25,2.38,4.07,1.92
3_F_070,Making a toast,3,F,7.18,1.58,3.87,2.21,7.05,1.43,7.32,1.77,4.16,2.26,3.58,2.16
3_M_070,Making a toast,3,M,6.49,1.89,4.66,2.57,6.68,1.89,6.30,1.91,4.54,2.47,4.78,2.71
1_F_071,Celebrating with someone,1,F,7.16,1.85,4.60,2.93,7.23,2.00,7.10,1.71,4.58,2.97,4.63,2.95
1_M_071,Celebrating with someone,1,M,6.85,2.02,4.75,2.72,6.46,2.23,7.23,1.75,5.45,2.62,4.03,2.68
3_F_071,Celebrating with someone,3,F,7.14,1.81,5.30,2.40,7.25,1.92,7.00,1.70,5.32,2.21,5.29,2.61
3_M_071,Celebrating with someone,3,M,7.35,1.29,5.21,2.21,7.24,1.22,7.47,1.39,5.47,2.30,4.94,2.11
1_F_072,Playing cards,1,F,6.55,2.27,5.66,2.71,6.59,2.08,6.50,2.53,5.96,2.83,5.36,2.60
1_M_072,Playing cards,1,M,7.03,1.86,5.02,2.77,6.71,2.15,7.37,1.46,4.72,2.88,5.32,2.66
3_F_072,Playing cards,3,F,6.08,1.83,4.91,2.77,6.19,1.78,5.97,1.90,4.62,2.62,5.19,2.92
3_M_072,Playing cards,3,M,6.67,1.91,4.36,2.75,6.73,2.13,6.62,1.70,4.23,2.86,4.50,2.67
1_F_073,Playing with the yo-yo,1,F,5.98,2.18,3.52,2.44,6.14,2.20,5.79,2.20,4.13,2.51,2.90,2.23
1_M_073,Playing with the yo-yo,1,M,6.41,1.46,3.40,2.45,6.48,1.41,6.33,1.54,3.00,2.19,3.78,2.67
3_F_073,Playing with the yo-yo,3,F,5.77,1.70,3.16,2.19,5.50,1.88,6.04,1.48,3.39,2.26,2.93,2.13
3_M_073,Playing with the yo-yo,3,M,6.10,1.41,3.59,2.31,6.22,1.48,5.96,1.34,3.96,2.55,3.21,2.02
1_F_074,Throwing confetti,1,F,5.59,2.24,4.88,2.17,5.91,2.33,5.19,2.10,5.11,2.17,4.64,2.18
1_M_074,Throwing confetti,1,M,6.73,2.01,3.51,2.28,7.38,1.43,6.00,2.33,3.56,2.33,3.45,2.26
3_F_074,Throwing confetti,3,F,6.18,1.66,4.09,2.30,6.58,1.39,5.77,1.83,3.96,2.25,4.22,2.38
3_M_074,Throwing confetti,3,M,5.92,1.92,3.57,2.22,6.00,2.08,5.85,1.78,3.84,2.10,3.30,2.34
1_F_075,Eating pizza,1,F,7.73,1.88,5.54,2.45,7.95,1.66,7.47,2.12,5.94,2.41,5.13,2.46
1_M_075,Eating pizza,1,M,7.31,1.96,5.77,2.81,7.68,1.87,6.93,2.02,5.35,2.92,6.19,2.69
3_F_075,Eating pizza,3,F,7.17,2.11,5.56,2.68,7.27,2.20,7.08,2.06,6.19,2.41,4.90,2.82
3_M_075,Eating pizza,3,M,7.76,1.38,6.05,2.47,7.94,1.56,7.54,1.10,6.21,2.42,5.89,2.54
1_F_076,Eating cake,1,F,5.73,2.16,4.16,2.35,5.62,2.60,5.84,1.61,4.44,2.33,3.87,2.38
1_M_076,Eating cake,1,M,6.44,2.07,4.13,2.75,7.03,1.89,5.83,2.10,3.42,2.28,4.81,3.01
3_F_076,Eating cake,3,F,6.85,1.81,4.39,2.78,6.77,2.03,6.92,1.60,5.32,2.70,3.43,2.57
3_M_076,Eating cake,3,M,6.90,2.00,4.50,2.50,6.88,2.14,6.92,1.85,4.79,2.66,4.21,2.35
1_F_077,Walking with someone,1,F,5.93,2.27,4.57,2.39,5.76,2.47,6.11,2.08,5.03,2.32,4.10,2.41
1_M_077,Walking with someone,1,M,6.36,2.18,4.26,2.80,6.61,2.16,6.10,2.20,3.96,2.86,4.56,2.75
3_F_077,Walking with someone,3,F,6.60,2.09,4.38,2.54,6.31,2.20,6.88,1.97,4.71,2.44,4.03,2.65
3_M_077,Walking with someone,3,M,6.76,1.58,4.75,2.60,7.16,1.42,6.27,1.66,4.82,2.42,4.68,2.82
1_F_078,Having coffee with someone,1,F,6.10,1.67,3.00,2.09,5.73,1.76,6.46,1.53,3.10,2.01,2.90,2.20
1_M_078,Having coffee with someone,1,M,6.91,1.37,4.11,2.43,6.97,1.45,6.85,1.29,4.50,2.32,3.71,2.52
3_F_078,Having coffee with someone,3,F,6.15,2.17,3.02,2.01,5.95,1.83,6.37,2.52,2.97,2.16,3.06,1.88
3_M_078,Having coffee with someone,3,M,6.41,1.82,3.85,2.56,6.39,1.61,6.43,2.05,3.65,2.30,4.04,2.82
1_F_079,Preparing pizza dough,1,F,6.03,1.64,3.96,2.43,6.09,1.78,5.96,1.48,4.29,2.62,3.64,2.21
1_M_079,Preparing pizza dough,1,M,6.20,2.10,3.71,2.11,5.81,2.18,6.63,1.98,3.97,2.06,3.45,2.16
3_F_079,Preparing pizza dough,3,F,6.15,1.95,3.62,2.54,6.48,1.96,5.80,1.90,3.62,2.52,3.63,2.62
3_M_079,Preparing pizza dough,3,M,5.85,2.11,3.46,2.51,5.69,2.15,6.00,2.10,4.13,2.68,2.77,2.16
1_F_080,Receiving flowers from someone,1,F,7.11,2.10,4.94,2.82,7.55,2.08,6.67,2.06,5.08,2.90,4.81,2.79
1_M_080,Receiving flowers from someone,1,M,6.25,2.24,4.31,2.32,5.85,2.33,6.65,2.12,4.90,2.24,3.70,2.28
3_F_080,Receiving flowers from someone,3,F,7.38,1.79,5.64,2.38,7.84,1.44,6.81,2.04,5.61,2.39,5.68,2.40
3_M_080,Receiving flowers from someone,3,M,6.30,2.27,4.86,2.28,5.86,2.29,6.79,2.20,5.66,2.16,4.03,2.12
1_F_081,Greeting someone,1,F,6.64,1.44,3.63,2.15,6.97,1.15,6.23,1.66,4.14,2.41,3.11,1.73
1_M_081,Greeting someone,1,M,6.38,1.69,4.13,2.40,6.19,1.66,6.58,1.74,4.75,2.34,3.48,2.32
3_F_081,Greeting someone,3,F,6.15,2.02,4.23,2.78,6.42,1.91,5.87,2.13,4.35,2.64,4.11,2.97
3_M_081,Greeting someone,3,M,6.27,1.81,3.69,2.41,6.19,1.96,6.35,1.67,3.97,2.50,3.40,2.33
1_F_082,Unwrapping a chocolate candy,1,F,6.42,2.05,3.26,2.27,6.04,2.52,6.81,1.39,3.55,2.03,2.97,2.50
1_M_082,Unwrapping a chocolate candy,1,M,6.53,1.66,4.13,2.43,6.53,1.90,6.54,1.33,4.25,2.49,4.00,2.40
3_F_082,Unwrapping a chocolate candy,3,F,6.25,2.13,4.27,2.34,6.48,2.25,6.00,2.03,4.84,2.55,3.68,1.96
3_M_082,Unwrapping a chocolate candy,3,M,6.31,1.84,4.06,2.60,6.52,1.84,6.10,1.84,3.35,2.13,4.74,2.85
1_F_083,Unwrapping a present,1,F,6.58,1.80,4.78,2.17,6.76,1.97,6.37,1.61,5.16,1.95,4.39,2.35
1_M_083,Unwrapping a present,1,M,6.16,1.76,4.66,2.72,6.29,1.72,6.03,1.83,4.08,2.58,5.22,2.78
3_F_083,Unwrapping a present,3,F,6.15,2.14,4.48,2.69,6.15,2.05,6.15,2.26,4.90,2.64,4.03,2.72
3_M_083,Unwrapping a present,3,M,6.71,1.50,4.89,2.47,7.09,1.53,6.23,1.34,4.61,2.41,5.18,2.54
1_F_084,Lighting sparklers,1,F,6.10,1.81,2.54,1.82,6.19,2.14,6.00,1.44,2.65,1.96,2.43,1.70
1_M_084,Lighting sparklers,1,M,6.22,1.43,4.11,2.44,6.56,1.32,5.81,1.47,4.32,2.60,3.89,2.30
3_F_084,Lighting sparklers,3,F,6.45,1.48,3.87,2.30,6.52,1.54,6.37,1.46,3.84,2.26,3.90,2.39
3_M_084,Lighting sparklers,3,M,6.48,1.57,3.64,2.25,6.42,1.48,6.53,1.68,3.38,2.08,3.89,2.41
1_F_085,Blowing candles,1,F,6.93,2.21,4.91,2.79,7.32,1.99,6.53,2.37,4.58,2.66,5.22,2.93
1_M_085,Blowing candles,1,M,7.00,1.50,4.89,2.67,7.00,1.65,7.00,1.36,5.00,2.57,4.77,2.80
3_F_085,Blowing candles,3,F,7.21,2.07,5.55,2.34,7.38,2.23,7.00,1.88,5.93,2.23,5.18,2.44
3_M_085,Blowing candles,3,M,7.15,1.83,5.08,2.28,7.14,2.22,7.16,1.34,5.66,2.34,4.48,2.10
1_F_086,Spraying perfume on,1,F,5.98,1.83,2.66,2.11,5.92,1.83,6.04,1.87,2.81,2.30,2.50,1.93
1_M_086,Spraying perfume on,1,M,6.41,1.28,3.55,2.30,6.56,1.19,6.23,1.39,3.89,2.45,3.21,2.11
3_F_086,Spraying perfume on,3,F,6.68,1.65,2.97,2.09,6.29,1.71,7.11,1.52,3.06,2.05,2.87,2.16
3_M_086,Spraying perfume on,3,M,6.41,1.63,2.64,2.39,6.52,1.63,6.30,1.64,2.15,1.93,3.11,2.72
1_F_087,Lying down on the bed,1,F,6.12,2.16,2.89,2.42,6.12,2.21,6.12,2.14,2.84,2.35,2.93,2.52
1_M_087,Lying down on the bed,1,M,5.83,2.06,3.64,2.75,5.91,2.16,5.73,1.97,4.29,2.93,3.00,2.45
3_F_087,Lying down on the bed,3,F,7.08,2.31,3.56,2.53,6.90,2.28,7.26,2.40,4.03,2.66,3.06,2.34
3_M_087,Lying down on the bed,3,M,6.69,1.66,4.04,2.87,7.19,1.47,6.17,1.70,4.08,2.86,4.00,2.94
1_F_088,Playing the drums,1,F,6.38,1.59,4.00,2.20,6.66,1.64,6.04,1.48,3.93,2.07,4.07,2.36
1_M_088,Playing the drums,1,M,6.13,1.28,3.14,2.49,6.00,1.30,6.26,1.28,3.56,2.63,2.71,2.31
3_F_088,Playing the drums,3,F,6.33,1.80,4.06,2.52,6.35,1.92,6.30,1.70,3.54,2.25,4.56,2.71
3_M_088,Playing the drums,3,M,6.46,1.90,3.75,2.52,6.46,2.25,6.46,1.53,3.94,2.42,3.57,2.65
1_F_089,Playing the guitar,1,F,6.30,1.91,3.53,2.69,6.26,1.84,6.33,2.01,2.69,2.04,4.33,3.01
1_M_089,Playing the guitar,1,M,5.98,1.84,3.64,2.46,5.73,2.13,6.23,1.50,3.71,2.37,3.57,2.58
3_F_089,Playing the guitar,3,F,6.71,1.38,4.27,2.56,6.88,1.16,6.50,1.61,4.39,2.28,4.14,2.85
3_M_089,Playing the guitar,3,M,5.78,1.89,4.06,2.39,5.52,1.86,6.05,1.93,4.16,2.59,3.97,2.20
1_F_090,Finding cash,1,F,7.48,1.96,5.84,2.56,7.14,2.22,7.84,1.61,6.69,2.35,4.97,2.51
1_M_090,Finding cash,1,M,7.41,2.07,6.66,2.47,7.77,1.76,7.03,2.31,6.08,2.50,7.22,2.36
3_F_090,Finding cash,3,F,6.73,1.97,5.72,2.85,6.50,2.10,6.96,1.84,5.77,2.83,5.67,2.92
3_M_090,Finding cash,3,M,7.22,1.73,5.96,2.37,7.50,1.32,6.88,2.10,6.11,2.30,5.82,2.48
,,,,,,,,,,,,,,,
LEGEND,,,,,,,,,,,,,,,
Video_ID,Code assigned to each video in the database,,,,,,,,,,,,,,
Action_description,Description of the action presented in each video,,,,,,,,,,,,,,
POV,Point of View  (1=first-person / 3=third-person),,,,,,,,,,,,,,
Gender,Gender of the main actor (M = male / F = female),,,,,,,,,,,,,,
V_M_Tot,Valence mean score obtained from the rating,,,,,,,,,,,,,,
V_SD_Tot,Valence standard deviation obtained from the rating,,,,,,,,,,,,,,
A_M_Tot,Arousal mean score obtained from the rating,,,,,,,,,,,,,,
A_SD_Tot,Arousal standard deviation obtained from the rating,,,,,,,,,,,,,,
V_M_Fem,Valence mean score obtained from the rating by female subjects,,,,,,,,,,,,,,
V_SD_Fem,Valence standard deviation obtained from the rating by female subjects,,,,,,,,,,,,,,
V_M_Mal,Valence mean score obtained from the rating by male subjects,,,,,,,,,,,,,,
V_SD_Mal,Valence standard deviation obtained from the rating by male subjects,,,,,,,,,,,,,,
A_M_Fem,Arousal mean score obtained from the rating by female subjects,,,,,,,,,,,,,,
A_SD_Fem,Arousal standard deviation obtained from the rating by female subjects,,,,,,,,,,,,,,
A_M_Mal,Arousal mean score obtained from the rating by male subjects,,,,,,,,,,,,,,
A_SD_Mal,Arousal standard deviation obtained from the rating by male subjects,,,,,,,,,,,,,,
